Live Time (s), 589248
Real Time (s), 589248
Energy, Data
0.333609,80
1.01113,46568
1.68866,49364
2.36618,4419
3.0437,3670
3.72123,11728
4.39875,13847
5.07628,17256
5.7538,18204
6.43133,18089
7.10885,17807
7.78638,17470
8.4639,21909
9.14143,70919
9.81895,46607
10.4965,21178
11.174,10813
11.8515,7409
12.5291,4707
13.2066,4352
13.8841,4135
14.5616,3780
15.2392,3511
15.9167,3387
16.5942,3397
17.2717,3183
17.9493,3137
18.6268,2978
19.3043,3019
19.9819,2925
20.6594,2839
21.3369,2767
22.0144,2818
22.692,2741
23.3695,2788
24.047,2582
24.7246,2647
25.4021,2608
26.0796,2446
26.7571,2563
27.4347,2550
28.1122,2459
28.7897,2372
29.4673,2385
30.1448,2426
30.8223,2298
31.4999,2362
32.1774,2300
32.8549,2342
33.5325,2320
34.21,2262
34.8875,2235
35.565,2170
36.2426,2157
36.9201,2173
37.5976,2088
38.2752,2172
38.9527,2119
39.6302,2089
40.3078,2154
40.9853,2099
41.6628,2096
42.3404,2087
43.0179,2085
43.6954,2084
44.373,2052
45.0505,1986
45.728,2052
46.4056,2005
47.0831,2060
47.7607,1995
48.4382,1961
49.1157,1965
49.7933,1965
50.4708,2002
51.1483,2035
51.8259,2059
52.5034,1995
53.1809,2088
53.8585,2104
54.536,1955
55.2135,1981
55.8911,1963
56.5686,2053
57.2462,1961
57.9237,2042
58.6012,2156
59.2788,2627
59.9563,2366
60.6338,2115
61.3114,2091
61.9889,2154
62.6665,2228
63.344,2337
64.0215,2191
64.6991,2161
65.3766,2239
66.0542,2208
66.7317,2263
67.4092,2188
68.0868,2294
68.7643,2339
69.4419,2282
70.1194,2296
70.7969,2455
71.4745,2366
72.152,2526
72.8296,3085
73.5071,2597
74.1846,3375
74.8622,5239
75.5397,3243
76.2173,2862
76.8948,5266
77.5723,3924
78.2499,2394
78.9274,2408
79.605,2408
80.2825,2409
80.9601,2427
81.6376,2389
82.3152,2356
82.9927,2467
83.6702,2913
84.3478,3260
85.0253,3142
85.7029,2566
86.3804,2827
87.058,3926
87.7355,3277
88.4131,2480
89.0906,2481
89.7681,3252
90.4457,2744
91.1232,2379
91.8008,2568
92.4783,3326
93.1559,3400
93.8334,2846
94.511,2465
95.1885,2481
95.8661,2548
96.5436,2440
97.2212,2421
97.8987,2522
98.5762,2439
99.2538,2648
99.9313,2603
100.609,2525
101.286,2366
101.964,2541
102.642,2391
103.319,2536
103.997,2607
104.674,2528
105.352,2801
106.029,2652
106.707,2619
107.384,2475
108.062,2582
108.739,2654
109.417,2651
110.095,2703
110.772,2659
111.45,2632
112.127,2626
112.805,2777
113.482,2620
114.16,2675
114.837,2869
115.515,2786
116.193,2636
116.87,2717
117.548,2628
118.225,2648
118.903,2680
119.58,2732
120.258,2684
120.935,2850
121.613,2705
122.291,2818
122.968,2750
123.646,2699
124.323,2812
125.001,2805
125.678,2842
126.356,2867
127.033,2806
127.711,2813
128.389,2900
129.066,3366
129.744,2943
130.421,2769
131.099,2924
131.776,2787
132.454,2805
133.131,2736
133.809,2906
134.487,2894
135.164,2763
135.842,2857
136.519,2824
137.197,2973
137.874,2865
138.552,2785
139.229,2794
139.907,2767
140.585,2815
141.262,2925
141.94,2836
142.617,2825
143.295,2903
143.972,2972
144.65,2925
145.327,2888
146.005,2939
146.683,2885
147.36,2940
148.038,2851
148.715,2821
149.393,2859
150.07,2875
150.748,2851
151.425,2828
152.103,2851
152.781,2783
153.458,2977
154.136,3044
154.813,2811
155.491,2678
156.168,2717
156.846,2742
157.524,2725
158.201,2838
158.879,2832
159.556,2856
160.234,2756
160.911,2794
161.589,2735
162.266,2713
162.944,2733
163.622,2706
164.299,2833
164.977,2644
165.654,2738
166.332,2828
167.009,2699
167.687,2652
168.365,2722
169.042,2706
169.72,2665
170.397,2604
171.075,2719
171.752,2632
172.43,2771
173.107,2651
173.785,2655
174.463,2658
175.14,2720
175.818,2642
176.495,2619
177.173,2731
177.85,2600
178.528,2783
179.206,2654
179.883,2485
180.561,2607
181.238,2615
181.916,2571
182.593,2515
183.271,2596
183.949,2602
184.626,2626
185.304,3175
185.981,3977
186.659,3208
187.336,2697
188.014,2487
188.692,2437
189.369,2470
190.047,2497
190.724,2509
191.402,2594
192.079,2544
192.757,2503
193.435,2445
194.112,2434
194.79,2463
195.467,2521
196.145,2479
196.822,2545
197.5,2507
198.178,2461
198.855,2562
199.533,2516
200.21,2449
200.888,2382
201.565,2430
202.243,2382
202.921,2444
203.598,2403
204.276,2450
204.953,2471
205.631,2352
206.308,2311
206.986,2387
207.664,2358
208.341,2549
209.019,3079
209.696,3012
210.374,2372
211.051,2295
211.729,2370
212.407,2275
213.084,2271
213.762,2237
214.439,2232
215.117,2256
215.794,2351
216.472,2363
217.15,2323
217.827,2380
218.505,2279
219.182,2273
219.86,2193
220.538,2244
221.215,2308
221.893,2227
222.57,2354
223.248,2221
223.925,2275
224.603,2352
225.281,2188
225.958,2281
226.636,2264
227.313,2164
227.991,2173
228.668,2076
229.346,2128
230.024,2166
230.701,2069
231.379,2143
232.056,2182
232.734,2056
233.412,2239
234.089,2201
234.767,2154
235.444,2133
236.122,2300
236.799,2232
237.477,2560
238.155,7774
238.832,12777
239.51,4298
240.187,2263
240.865,3109
241.543,3431
242.22,3583
242.898,2285
243.575,1972
244.253,1893
244.93,1863
245.608,1915
246.286,1867
246.963,1992
247.641,1924
248.318,1895
248.996,1842
249.674,1825
250.351,1874
251.029,1803
251.706,1895
252.384,1855
253.061,1776
253.739,1795
254.417,1845
255.094,1810
255.772,1917
256.449,1863
257.127,1874
257.805,1821
258.482,1831
259.16,1928
259.837,1826
260.515,1771
261.193,1792
261.87,1733
262.548,1724
263.225,1779
263.903,1715
264.58,1684
265.258,1696
265.936,1713
266.613,1646
267.291,1721
267.968,1651
268.646,1733
269.324,1983
270.001,2422
270.679,2284
271.356,1862
272.034,1764
272.712,1636
273.389,1657
274.067,1717
274.744,1704
275.422,1736
276.099,1668
276.777,1868
277.455,2152
278.132,1782
278.81,1647
279.487,1617
280.165,1543
280.843,1559
281.52,1541
282.198,1592
282.875,1547
283.553,1646
284.231,1598
284.908,1577
285.586,1648
286.263,1557
286.941,1536
287.619,1632
288.296,1513
288.974,1566
289.651,1567
290.329,1471
291.007,1516
291.684,1471
292.362,1490
293.039,1515
293.717,1625
294.395,2139
295.072,4778
295.75,3617
296.427,1705
297.105,1504
297.783,1375
298.46,1434
299.138,1511
299.815,2029
300.493,2040
301.17,1506
301.848,1465
302.526,1511
303.203,1477
303.881,1406
304.558,1454
305.236,1368
305.914,1413
306.591,1383
307.269,1406
307.946,1397
308.624,1353
309.302,1415
309.979,1407
310.657,1371
311.334,1381
312.012,1378
312.69,1407
313.367,1367
314.045,1404
314.722,1290
315.4,1324
316.078,1325
316.755,1387
317.433,1307
318.11,1344
318.788,1278
319.466,1327
320.143,1309
320.821,1282
321.498,1362
322.176,1357
322.854,1283
323.531,1282
324.209,1356
324.887,1279
325.564,1319
326.242,1282
326.919,1311
327.597,1613
328.275,1756
328.952,1403
329.63,1359
330.307,1364
330.985,1280
331.663,1262
332.34,1368
333.018,1507
333.695,3178
334.373,3519
335.051,1223
335.728,1204
336.406,1237
337.083,1245
337.761,1970
338.439,3333
339.116,2179
339.794,1299
340.471,1176
341.149,1272
341.827,1212
342.504,1199
343.182,1153
343.859,1150
344.537,1175
345.215,1191
345.892,1215
346.57,1141
347.247,1179
347.925,1123
348.603,1194
349.28,1098
349.958,1100
350.636,1288
351.313,2997
351.991,6770
352.668,4370
353.346,1439
354.024,1062
354.701,1118
355.379,1110
356.056,1061
356.734,1151
357.412,1054
358.089,1037
358.767,1046
359.444,1054
360.122,1084
360.8,1031
361.477,1039
362.155,1063
362.833,1052
363.51,1051
364.188,1068
364.865,1080
365.543,1070
366.221,1019
366.898,1050
367.576,1105
368.253,985
368.931,1063
369.609,1005
370.286,1011
370.964,1000
371.642,1016
372.319,988
372.997,1002
373.674,1085
374.352,969
375.03,1003
375.707,1017
376.385,1015
377.062,1062
377.74,992
378.418,961
379.095,1001
379.773,996
380.451,983
381.128,985
381.806,995
382.483,1041
383.161,999
383.839,931
384.516,986
385.194,1006
385.871,918
386.549,995
387.227,1014
387.904,989
388.582,1014
389.26,964
389.937,977
390.615,967
391.292,970
391.97,929
392.648,958
393.325,916
394.003,968
394.681,925
395.358,926
396.036,921
396.713,884
397.391,944
398.069,921
398.746,925
399.424,950
400.102,942
400.779,958
401.457,951
402.134,943
402.812,940
403.49,881
404.167,924
404.845,942
405.523,965
406.2,905
406.878,919
407.555,882
408.233,886
408.911,962
409.588,1160
410.266,1066
410.944,958
411.621,854
412.299,904
412.976,882
413.654,883
414.332,874
415.009,942
415.687,903
416.365,867
417.042,878
417.72,828
418.397,844
419.075,872
419.753,858
420.43,771
421.108,840
421.786,865
422.463,873
423.141,853
423.818,862
424.496,839
425.174,871
425.851,828
426.529,889
427.207,925
427.884,844
428.562,846
429.239,831
429.917,816
430.595,764
431.272,818
431.95,808
432.628,837
433.305,823
433.983,786
434.66,784
435.338,769
436.016,785
436.693,739
437.371,814
438.049,824
438.726,932
439.404,952
440.082,823
440.759,798
441.437,790
442.114,826
442.792,841
443.47,756
444.147,760
444.825,794
445.503,766
446.18,754
446.858,754
447.535,771
448.213,788
448.891,831
449.568,761
450.246,778
450.924,790
451.601,808
452.279,825
452.957,804
453.634,797
454.312,761
454.99,753
455.667,723
456.345,771
457.022,729
457.7,796
458.378,752
459.055,742
459.733,738
460.411,759
461.088,731
461.766,804
462.443,951
463.121,1331
463.799,1105
464.476,833
465.154,714
465.832,701
466.509,663
467.187,770
467.865,731
468.542,707
469.22,727
469.898,732
470.575,712
471.253,748
471.93,759
472.608,731
473.286,696
473.963,723
474.641,689
475.319,711
475.996,687
476.674,713
477.352,669
478.029,682
478.707,664
479.384,665
480.062,701
480.74,716
481.417,676
482.095,668
482.773,665
483.45,644
484.128,694
484.806,676
485.483,627
486.161,652
486.839,680
487.516,728
488.194,664
488.871,662
489.549,634
490.227,662
490.904,687
491.582,631
492.26,655
492.937,642
493.615,657
494.293,635
494.97,621
495.648,630
496.326,602
497.003,644
497.681,607
498.359,617
499.036,633
499.714,558
500.391,633
501.069,646
501.747,631
502.424,631
503.102,624
503.78,613
504.457,660
505.135,607
505.813,596
506.49,605
507.168,627
507.846,710
508.523,814
509.201,1111
509.879,1823
510.556,2999
511.234,3436
511.911,2537
512.589,1621
513.267,1002
513.944,745
514.622,664
515.3,621
515.977,590
516.655,600
517.333,582
518.01,566
518.688,599
519.366,583
520.043,566
520.721,563
521.399,563
522.076,582
522.754,556
523.432,543
524.109,592
524.787,547
525.465,577
526.142,548
526.82,548
527.497,527
528.175,551
528.853,585
529.53,581
530.208,519
530.886,573
531.563,572
532.241,498
532.919,580
533.596,551
534.274,542
534.952,536
535.629,506
536.307,552
536.985,534
537.662,519
538.34,556
539.018,536
539.695,525
540.373,566
541.051,530
541.728,513
542.406,535
543.084,534
543.761,506
544.439,501
545.117,486
545.794,554
546.472,519
547.15,491
547.827,531
548.505,536
549.182,536
549.86,521
550.538,500
551.215,547
551.893,474
552.571,565
553.248,486
553.926,497
554.604,500
555.281,541
555.959,490
556.637,464
557.314,485
557.992,522
558.67,461
559.347,494
560.025,478
560.703,529
561.38,491
562.058,542
562.736,578
563.413,568
564.091,531
564.769,514
565.446,486
566.124,469
566.802,501
567.479,517
568.157,477
568.835,542
569.512,503
570.19,526
570.868,508
571.545,527
572.223,479
572.901,514
573.578,482
574.256,495
574.934,464
575.611,499
576.289,444
576.967,495
577.644,504
578.322,465
579,493
579.677,505
580.355,528
581.033,527
581.71,565
582.388,1193
583.066,2990
583.743,2898
584.421,1051
585.099,484
585.776,488
586.454,480
587.132,433
587.809,478
588.487,438
589.165,496
589.842,451
590.52,451
591.198,452
591.875,475
592.553,471
593.231,485
593.908,475
594.586,449
595.264,487
595.941,456
596.619,504
597.297,480
597.974,470
598.652,484
599.33,461
600.007,484
600.685,463
601.363,491
602.04,487
602.718,453
603.396,467
604.073,460
604.751,494
605.429,447
606.106,477
606.784,453
607.462,479
608.139,705
608.817,2318
609.495,4289
610.172,2598
610.85,771
611.528,456
612.206,446
612.883,464
613.561,472
614.239,489
614.916,440
615.594,445
616.272,462
616.949,469
617.627,479
618.305,409
618.982,433
619.66,446
620.338,421
621.015,415
621.693,433
622.371,428
623.048,456
623.726,412
624.404,424
625.081,415
625.759,442
626.437,395
627.114,449
627.792,432
628.47,421
629.147,431
629.825,399
630.503,445
631.18,408
631.858,452
632.536,396
633.214,428
633.891,428
634.569,417
635.247,399
635.924,428
636.602,402
637.28,447
637.957,428
638.635,420
639.313,402
639.99,427
640.668,433
641.346,433
642.023,437
642.701,404
643.379,416
644.056,410
644.734,396
645.412,414
646.089,400
646.767,396
647.445,403
648.122,408
648.8,411
649.478,413
650.156,395
650.833,477
651.511,405
652.189,405
652.866,437
653.544,425
654.222,399
654.899,385
655.577,411
656.255,404
656.932,399
657.61,421
658.288,413
658.965,416
659.643,405
660.321,579
660.999,2172
661.676,6070
662.354,5602
663.032,1800
663.709,460
664.387,426
665.065,453
665.742,515
666.42,486
667.098,387
667.775,385
668.453,413
669.131,411
669.808,419
670.486,416
671.164,377
671.842,371
672.519,394
673.197,391
673.875,428
674.552,396
675.23,376
675.908,415
676.585,402
677.263,400
677.941,363
678.618,403
679.296,363
679.974,382
680.652,397
681.329,378
682.007,414
682.685,399
683.362,409
684.04,384
684.718,375
685.395,385
686.073,395
686.751,397
687.428,392
688.106,406
688.784,402
689.462,368
690.139,371
690.817,391
691.495,357
692.172,382
692.85,395
693.528,419
694.205,425
694.883,379
695.561,391
696.238,392
696.916,388
697.594,378
698.272,388
698.949,401
699.627,388
700.305,387
700.982,388
701.66,397
702.338,417
703.015,442
703.693,421
704.371,380
705.049,369
705.726,411
706.404,375
707.082,388
707.759,400
708.437,378
709.115,380
709.792,355
710.47,368
711.148,372
711.826,354
712.503,360
713.181,398
713.859,389
714.536,369
715.214,392
715.892,343
716.569,354
717.247,352
717.925,367
718.603,394
719.28,378
719.958,375
720.636,421
721.313,366
721.991,398
722.669,376
723.346,370
724.024,355
724.702,369
725.38,360
726.057,412
726.735,570
727.413,938
728.09,870
728.768,470
729.446,366
730.123,339
730.801,346
731.479,353
732.157,365
732.834,334
733.512,402
734.19,354
734.867,378
735.545,343
736.223,327
736.901,370
737.578,351
738.256,376
738.934,346
739.611,352
740.289,362
740.967,378
741.644,368
742.322,384
743,330
743.678,356
744.355,353
745.033,353
745.711,348
746.388,354
747.066,320
747.744,384
748.422,355
749.099,340
749.777,325
750.455,349
751.132,358
751.81,368
752.488,347
753.165,392
753.843,362
754.521,371
755.199,391
755.876,401
756.554,401
757.232,328
757.909,320
758.587,359
759.265,366
759.943,329
760.62,319
761.298,351
761.976,324
762.653,343
763.331,400
764.009,353
764.687,347
765.364,334
766.042,366
766.72,393
767.397,363
768.075,528
768.753,605
769.431,531
770.108,371
770.786,370
771.464,363
772.141,416
772.819,422
773.497,390
774.175,354
774.852,316
775.53,327
776.208,357
776.885,333
777.563,343
778.241,334
778.919,320
779.596,337
780.274,322
780.952,332
781.629,352
782.307,372
782.985,345
783.663,330
784.34,327
785.018,357
785.696,431
786.373,472
787.051,359
787.729,333
788.407,328
789.084,315
789.762,316
790.44,325
791.117,329
791.795,339
792.473,333
793.151,293
793.828,342
794.506,454
795.184,629
795.862,532
796.539,359
797.217,343
797.895,324
798.572,316
799.25,317
799.928,315
800.606,361
801.283,315
801.961,336
802.639,365
803.316,396
803.994,414
804.672,354
805.35,330
806.027,409
806.705,387
807.383,329
808.061,311
808.738,317
809.416,355
810.094,330
810.771,298
811.449,339
812.127,301
812.805,294
813.482,316
814.16,318
814.838,323
815.516,322
816.193,347
816.871,332
817.549,318
818.226,323
818.904,320
819.582,304
820.26,339
820.937,309
821.615,326
822.293,320
822.97,329
823.648,320
824.326,309
825.004,322
825.681,339
826.359,343
827.037,302
827.715,325
828.392,350
829.07,319
829.748,339
830.425,323
831.103,341
831.781,323
832.459,344
833.136,325
833.814,315
834.492,310
835.17,389
835.847,448
836.525,407
837.203,346
837.88,323
838.558,331
839.236,347
839.914,345
840.591,392
841.269,381
841.947,325
842.625,300
843.302,298
843.98,295
844.658,312
845.336,309
846.013,339
846.691,308
847.369,307
848.047,322
848.724,283
849.402,295
850.08,307
850.757,304
851.435,348
852.113,306
852.791,301
853.468,316
854.146,296
854.824,337
855.502,290
856.179,351
856.857,300
857.535,327
858.213,300
858.89,299
859.568,359
860.246,446
860.923,619
861.601,477
862.279,362
862.957,314
863.634,320
864.312,310
864.99,296
865.668,276
866.345,294
867.023,314
867.701,334
868.379,323
869.056,311
869.734,317
870.412,322
871.09,288
871.767,294
872.445,297
873.123,309
873.8,314
874.478,312
875.156,341
875.834,315
876.511,298
877.189,314
877.867,327
878.545,303
879.222,322
879.9,316
880.578,309
881.256,312
881.933,312
882.611,308
883.289,331
883.967,345
884.644,326
885.322,303
886,304
886.678,287
887.355,289
888.033,324
888.711,332
889.389,303
890.066,311
890.744,315
891.422,311
892.099,345
892.777,292
893.455,357
894.133,321
894.81,295
895.488,313
896.166,338
896.844,316
897.521,290
898.199,300
898.877,298
899.555,333
900.232,296
900.91,282
901.588,296
902.266,309
902.943,289
903.621,333
904.299,348
904.977,324
905.654,278
906.332,274
907.01,322
907.688,309
908.365,302
909.043,297
909.721,389
910.399,756
911.076,1771
911.754,2032
912.432,987
913.11,422
913.787,282
914.465,285
915.143,295
915.821,300
916.498,303
917.176,267
917.854,299
918.532,303
919.209,287
919.887,320
920.565,340
921.243,300
921.92,276
922.598,287
923.276,262
923.954,278
924.631,296
925.309,296
925.987,289
926.665,338
927.342,301
928.02,286
928.698,288
929.376,313
930.053,316
930.731,292
931.409,308
932.087,292
932.764,316
933.442,366
934.12,466
934.798,462
935.475,360
936.153,307
936.831,307
937.509,303
938.186,299
938.864,306
939.542,291
940.22,264
940.898,276
941.575,257
942.253,324
942.931,275
943.609,302
944.286,285
944.964,262
945.642,307
946.32,283
946.997,323
947.675,311
948.353,380
949.031,419
949.708,406
950.386,410
951.064,378
951.742,351
952.419,304
953.097,305
953.775,292
954.453,282
955.13,285
955.808,277
956.486,311
957.164,298
957.841,323
958.519,334
959.197,322
959.875,268
960.552,280
961.23,300
961.908,325
962.586,316
963.264,314
963.941,412
964.619,592
965.297,574
965.975,441
966.652,308
967.33,348
968.008,513
968.686,1057
969.363,1216
970.041,763
970.719,374
971.397,293
972.074,309
972.752,276
973.43,292
974.108,304
974.786,270
975.463,274
976.141,266
976.819,287
977.497,276
978.174,284
978.852,269
979.53,315
980.208,315
980.885,282
981.563,313
982.241,274
982.919,288
983.596,312
984.274,277
984.952,281
985.63,280
986.308,280
986.985,320
987.663,306
988.341,292
989.019,274
989.696,318
990.374,296
991.052,253
991.73,327
992.407,283
993.085,318
993.763,302
994.441,305
995.119,271
995.796,306
996.474,288
997.152,301
997.83,294
998.507,313
999.185,285
999.863,312
1000.54,314
1001.22,354
1001.9,375
1002.57,332
1003.25,318
1003.93,294
1004.61,269
1005.29,305
1005.96,296
1006.64,288
1007.32,293
1008,283
1008.67,286
1009.35,309
1010.03,293
1010.71,277
1011.39,271
1012.06,295
1012.74,294
1013.42,311
1014.1,303
1014.77,264
1015.45,305
1016.13,299
1016.81,310
1017.48,286
1018.16,269
1018.84,276
1019.52,311
1020.2,299
1020.87,310
1021.55,277
1022.23,311
1022.91,314
1023.59,310
1024.26,316
1024.94,284
1025.62,269
1026.3,270
1026.97,322
1027.65,267
1028.33,304
1029.01,297
1029.68,305
1030.36,270
1031.04,305
1031.72,312
1032.4,301
1033.07,312
1033.75,292
1034.43,278
1035.11,307
1035.79,302
1036.46,301
1037.14,276
1037.82,324
1038.5,301
1039.17,321
1039.85,281
1040.53,298
1041.21,338
1041.89,302
1042.56,296
1043.24,298
1043.92,316
1044.6,277
1045.27,294
1045.95,285
1046.63,319
1047.31,293
1047.99,318
1048.66,279
1049.34,305
1050.02,316
1050.7,295
1051.37,296
1052.05,327
1052.73,328
1053.41,297
1054.09,295
1054.76,346
1055.44,309
1056.12,312
1056.8,290
1057.47,320
1058.15,327
1058.83,313
1059.51,318
1060.19,306
1060.86,322
1061.54,309
1062.22,304
1062.9,311
1063.57,281
1064.25,322
1064.93,348
1065.61,337
1066.29,329
1066.96,300
1067.64,345
1068.32,313
1069,277
1069.67,326
1070.35,331
1071.03,317
1071.71,277
1072.39,290
1073.06,275
1073.74,302
1074.42,329
1075.1,307
1075.77,325
1076.45,316
1077.13,312
1077.81,354
1078.49,374
1079.16,325
1079.84,337
1080.52,325
1081.2,326
1081.87,350
1082.55,316
1083.23,320
1083.91,338
1084.59,321
1085.26,316
1085.94,301
1086.62,318
1087.3,334
1087.97,322
1088.65,325
1089.33,314
1090.01,344
1090.69,306
1091.36,334
1092.04,296
1092.72,304
1093.4,349
1094.07,337
1094.75,362
1095.43,337
1096.11,319
1096.79,322
1097.46,314
1098.14,294
1098.82,323
1099.5,300
1100.17,344
1100.85,337
1101.53,314
1102.21,343
1102.89,331
1103.56,324
1104.24,318
1104.92,347
1105.6,308
1106.28,309
1106.95,340
1107.63,331
1108.31,309
1108.99,348
1109.66,324
1110.34,326
1111.02,313
1111.7,331
1112.38,354
1113.05,347
1113.73,342
1114.41,355
1115.09,336
1115.76,329
1116.44,354
1117.12,333
1117.8,340
1118.48,360
1119.15,552
1119.83,891
1120.51,1068
1121.19,785
1121.86,422
1122.54,329
1123.22,373
1123.9,330
1124.58,333
1125.25,339
1125.93,340
1126.61,319
1127.29,334
1127.96,341
1128.64,320
1129.32,360
1130,319
1130.68,379
1131.35,357
1132.03,306
1132.71,324
1133.39,370
1134.06,326
1134.74,355
1135.42,347
1136.1,325
1136.78,365
1137.45,379
1138.13,344
1138.81,340
1139.49,326
1140.17,313
1140.84,319
1141.52,334
1142.2,339
1142.88,348
1143.55,307
1144.23,364
1144.91,349
1145.59,315
1146.27,358
1146.94,341
1147.62,362
1148.3,334
1148.98,319
1149.65,393
1150.33,384
1151.01,337
1151.69,401
1152.37,371
1153.04,375
1153.72,365
1154.4,371
1155.08,429
1155.75,416
1156.43,377
1157.11,383
1157.79,333
1158.47,360
1159.14,389
1159.82,331
1160.5,345
1161.18,373
1161.85,347
1162.53,327
1163.21,376
1163.89,360
1164.57,380
1165.24,407
1165.92,344
1166.6,384
1167.28,351
1167.96,387
1168.63,375
1169.31,384
1169.99,378
1170.67,336
1171.34,378
1172.02,374
1172.7,345
1173.38,358
1174.06,358
1174.73,347
1175.41,333
1176.09,369
1176.77,397
1177.44,364
1178.12,405
1178.8,355
1179.48,389
1180.16,357
1180.83,387
1181.51,370
1182.19,365
1182.87,341
1183.54,383
1184.22,387
1184.9,361
1185.58,404
1186.26,407
1186.93,385
1187.61,355
1188.29,397
1188.97,399
1189.65,387
1190.32,367
1191,366
1191.68,378
1192.36,377
1193.03,378
1193.71,402
1194.39,402
1195.07,400
1195.75,400
1196.42,432
1197.1,403
1197.78,412
1198.46,386
1199.13,428
1199.81,387
1200.49,387
1201.17,371
1201.85,405
1202.52,390
1203.2,443
1203.88,392
1204.56,405
1205.24,406
1205.91,407
1206.59,437
1207.27,395
1207.95,392
1208.62,413
1209.3,414
1209.98,399
1210.66,431
1211.34,380
1212.01,413
1212.69,374
1213.37,434
1214.05,390
1214.72,433
1215.4,441
1216.08,382
1216.76,441
1217.44,409
1218.11,414
1218.79,392
1219.47,415
1220.15,398
1220.83,411
1221.5,428
1222.18,390
1222.86,399
1223.54,415
1224.21,418
1224.89,418
1225.57,423
1226.25,468
1226.93,400
1227.6,409
1228.28,433
1228.96,402
1229.64,419
1230.31,386
1230.99,416
1231.67,408
1232.35,396
1233.03,397
1233.7,432
1234.38,399
1235.06,447
1235.74,406
1236.42,416
1237.09,440
1237.77,599
1238.45,662
1239.13,577
1239.8,481
1240.48,401
1241.16,383
1241.84,395
1242.52,367
1243.19,343
1243.87,397
1244.55,360
1245.23,355
1245.9,324
1246.58,342
1247.26,332
1247.94,324
1248.62,327
1249.29,337
1249.97,299
1250.65,296
1251.33,302
1252.01,299
1252.68,290
1253.36,278
1254.04,321
1254.72,308
1255.39,291
1256.07,286
1256.75,298
1257.43,286
1258.11,285
1258.78,302
1259.46,259
1260.14,284
1260.82,275
1261.49,270
1262.17,255
1262.85,313
1263.53,272
1264.21,267
1264.88,257
1265.56,261
1266.24,270
1266.92,273
1267.6,318
1268.27,273
1268.95,253
1269.63,265
1270.31,307
1270.98,287
1271.66,296
1272.34,269
1273.02,251
1273.7,265
1274.37,261
1275.05,255
1275.73,243
1276.41,213
1277.09,251
1277.76,217
1278.44,253
1279.12,249
1279.8,244
1280.47,254
1281.15,320
1281.83,301
1282.51,293
1283.19,253
1283.86,243
1284.54,264
1285.22,269
1285.9,254
1286.57,244
1287.25,249
1287.93,242
1288.61,261
1289.29,266
1289.96,243
1290.64,239
1291.32,230
1292,276
1292.68,227
1293.35,249
1294.03,216
1294.71,215
1295.39,229
1296.06,198
1296.74,264
1297.42,211
1298.1,236
1298.78,216
1299.45,212
1300.13,229
1300.81,210
1301.49,225
1302.17,222
1302.84,214
1303.52,229
1304.2,214
1304.88,238
1305.55,231
1306.23,200
1306.91,240
1307.59,228
1308.27,219
1308.94,223
1309.62,236
1310.3,195
1310.98,201
1311.66,193
1312.33,213
1313.01,228
1313.69,206
1314.37,201
1315.04,230
1315.72,208
1316.4,168
1317.08,204
1317.76,200
1318.43,194
1319.11,206
1319.79,182
1320.47,197
1321.15,204
1321.82,217
1322.5,193
1323.18,180
1323.86,196
1324.53,179
1325.21,188
1325.89,191
1326.57,198
1327.25,161
1327.92,192
1328.6,190
1329.28,194
1329.96,166
1330.64,182
1331.31,180
1331.99,189
1332.67,170
1333.35,168
1334.02,121
1334.7,180
1335.38,178
1336.06,214
1336.74,164
1337.41,156
1338.09,183
1338.77,164
1339.45,166
1340.12,158
1340.8,149
1341.48,152
1342.16,156
1342.84,173
1343.51,177
1344.19,136
1344.87,146
1345.55,169
1346.23,172
1346.9,161
1347.58,141
1348.26,169
1348.94,133
1349.61,123
1350.29,155
1350.97,143
1351.65,147
1352.33,130
1353,141
1353.68,167
1354.36,129
1355.04,126
1355.72,112
1356.39,137
1357.07,140
1357.75,137
1358.43,129
1359.1,151
1359.78,138
1360.46,137
1361.14,131
1361.82,146
1362.49,141
1363.17,130
1363.85,144
1364.53,131
1365.21,123
1365.88,132
1366.56,130
1367.24,132
1367.92,138
1368.59,118
1369.27,131
1369.95,123
1370.63,132
1371.31,147
1371.98,134
1372.66,116
1373.34,140
1374.02,121
1374.7,141
1375.37,124
1376.05,128
1376.73,157
1377.41,228
1378.09,311
1378.76,270
1379.44,163
1380.12,129
1380.8,124
1381.47,117
1382.15,130
1382.83,113
1383.51,130
1384.19,120
1384.86,116
1385.54,130
1386.22,150
1386.9,139
1387.58,104
1388.25,107
1388.93,109
1389.61,134
1390.29,98
1390.96,120
1391.64,125
1392.32,116
1393,118
1393.68,123
1394.35,125
1395.03,135
1395.71,112
1396.39,119
1397.07,120
1397.74,124
1398.42,138
1399.1,124
1399.78,103
1400.45,131
1401.13,147
1401.81,191
1402.49,120
1403.17,117
1403.84,119
1404.52,135
1405.2,95
1405.88,106
1406.56,102
1407.23,128
1407.91,204
1408.59,193
1409.27,156
1409.94,132
1410.62,114
1411.3,99
1411.98,103
1412.66,109
1413.33,101
1414.01,110
1414.69,116
1415.37,123
1416.05,119
1416.72,110
1417.4,95
1418.08,96
1418.76,120
1419.44,103
1420.11,95
1420.79,125
1421.47,121
1422.15,115
1422.82,130
1423.5,114
1424.18,105
1424.86,112
1425.54,111
1426.21,138
1426.89,99
1427.57,106
1428.25,108
1428.93,98
1429.6,116
1430.28,125
1430.96,94
1431.64,97
1432.31,120
1432.99,106
1433.67,107
1434.35,97
1435.03,100
1435.7,106
1436.38,97
1437.06,101
1437.74,108
1438.42,121
1439.09,90
1439.77,105
1440.45,116
1441.13,95
1441.81,95
1442.48,101
1443.16,95
1443.84,104
1444.52,116
1445.19,110
1445.87,83
1446.55,116
1447.23,97
1447.91,107
1448.58,79
1449.26,79
1449.94,94
1450.62,130
1451.3,95
1451.97,98
1452.65,119
1453.33,110
1454.01,108
1454.68,111
1455.36,138
1456.04,102
1456.72,113
1457.4,104
1458.07,158
1458.75,315
1459.43,1479
1460.11,6359
1460.79,15889
1461.46,20940
1462.14,14971
1462.82,5393
1463.5,1022
1464.18,150
1464.85,72
1465.53,84
1466.21,82
1466.89,94
1467.56,89
1468.24,87
1468.92,121
1469.6,126
1470.28,99
1470.95,86
1471.63,91
1472.31,57
1472.99,60
1473.67,65
1474.34,77
1475.02,86
1475.7,67
1476.38,68
1477.06,88
1477.73,74
1478.41,67
1479.09,76
1479.77,86
1480.44,70
1481.12,66
1481.8,82
1482.48,80
1483.16,59
1483.83,70
1484.51,65
1485.19,71
1485.87,59
1486.55,79
1487.22,61
1487.9,77
1488.58,72
1489.26,73
1489.93,76
1490.61,74
1491.29,65
1491.97,68
1492.65,80
1493.32,64
1494,73
1494.68,74
1495.36,81
1496.04,117
1496.71,94
1497.39,96
1498.07,80
1498.75,63
1499.43,74
1500.1,79
1500.78,65
1501.46,96
1502.14,85
1502.81,87
1503.49,82
1504.17,70
1504.85,74
1505.53,75
1506.2,68
1506.88,71
1507.56,80
1508.24,88
1508.92,125
1509.59,125
1510.27,132
1510.95,113
1511.63,78
1512.31,72
1512.98,83
1513.66,79
1514.34,75
1515.02,76
1515.69,71
1516.37,68
1517.05,70
1517.73,66
1518.41,68
1519.08,62
1519.76,59
1520.44,57
1521.12,61
1521.8,74
1522.47,74
1523.15,69
1523.83,61
1524.51,87
1525.19,73
1525.86,60
1526.54,69
1527.22,64
1527.9,66
1528.58,68
1529.25,66
1529.93,74
1530.61,78
1531.29,70
1531.96,51
1532.64,68
1533.32,68
1534,58
1534.68,59
1535.35,45
1536.03,89
1536.71,65
1537.39,72
1538.07,78
1538.74,80
1539.42,92
1540.1,62
1540.78,60
1541.46,66
1542.13,59
1542.81,85
1543.49,74
1544.17,79
1544.84,54
1545.52,56
1546.2,74
1546.88,51
1547.56,62
1548.23,58
1548.91,78
1549.59,68
1550.27,63
1550.95,58
1551.62,61
1552.3,62
1552.98,58
1553.66,67
1554.34,70
1555.01,72
1555.69,63
1556.37,65
1557.05,76
1557.72,69
1558.4,65
1559.08,70
1559.76,60
1560.44,65
1561.11,72
1561.79,69
1562.47,69
1563.15,59
1563.83,63
1564.5,68
1565.18,62
1565.86,77
1566.54,64
1567.22,58
1567.89,63
1568.57,72
1569.25,51
1569.93,56
1570.61,59
1571.28,54
1571.96,53
1572.64,59
1573.32,51
1573.99,56
1574.67,59
1575.35,58
1576.03,58
1576.71,46
1577.38,61
1578.06,63
1578.74,57
1579.42,65
1580.1,72
1580.77,87
1581.45,68
1582.13,80
1582.81,57
1583.49,81
1584.16,88
1584.84,64
1585.52,58
1586.2,57
1586.88,63
1587.55,133
1588.23,164
1588.91,176
1589.59,141
1590.26,85
1590.94,76
1591.62,96
1592.3,121
1592.98,141
1593.65,166
1594.33,109
1595.01,81
1595.69,63
1596.37,58
1597.04,70
1597.72,75
1598.4,61
1599.08,62
1599.76,66
1600.43,68
1601.11,62
1601.79,65
1602.47,62
1603.15,51
1603.82,59
1604.5,71
1605.18,59
1605.86,46
1606.53,59
1607.21,62
1607.89,74
1608.57,45
1609.25,69
1609.92,61
1610.6,63
1611.28,57
1611.96,54
1612.64,68
1613.31,66
1613.99,53
1614.67,58
1615.35,53
1616.03,57
1616.7,51
1617.38,48
1618.06,68
1618.74,53
1619.42,65
1620.09,86
1620.77,125
1621.45,119
1622.13,88
1622.81,83
1623.48,58
1624.16,60
1624.84,73
1625.52,61
1626.19,50
1626.87,57
1627.55,57
1628.23,48
1628.91,54
1629.58,73
1630.26,95
1630.94,126
1631.62,115
1632.3,72
1632.97,58
1633.65,50
1634.33,58
1635.01,55
1635.69,53
1636.36,55
1637.04,74
1637.72,59
1638.4,74
1639.08,72
1639.75,70
1640.43,56
1641.11,45
1641.79,64
1642.46,53
1643.14,61
1643.82,47
1644.5,50
1645.18,58
1645.85,58
1646.53,42
1647.21,36
1647.89,43
1648.57,46
1649.24,54
1649.92,59
1650.6,57
1651.28,65
1651.96,61
1652.63,59
1653.31,49
1653.99,53
1654.67,58
1655.35,45
1656.02,65
1656.7,52
1657.38,48
1658.06,46
1658.74,46
1659.41,53
1660.09,64
1660.77,79
1661.45,85
1662.12,91
1662.8,84
1663.48,63
1664.16,54
1664.84,56
1665.51,44
1666.19,58
1666.87,57
1667.55,63
1668.23,54
1668.9,47
1669.58,56
1670.26,65
1670.94,46
1671.62,43
1672.29,36
1672.97,49
1673.65,50
1674.33,43
1675.01,59
1675.68,44
1676.36,47
1677.04,54
1677.72,50
1678.4,54
1679.07,68
1679.75,70
1680.43,68
1681.11,51
1681.79,54
1682.46,44
1683.14,58
1683.82,49
1684.5,65
1685.17,55
1685.85,47
1686.53,56
1687.21,55
1687.89,45
1688.56,50
1689.24,56
1689.92,47
1690.6,45
1691.28,46
1691.95,60
1692.63,60
1693.31,52
1693.99,66
1694.67,56
1695.34,54
1696.02,53
1696.7,52
1697.38,49
1698.06,50
1698.73,33
1699.41,57
1700.09,56
1700.77,53
1701.45,45
1702.12,47
1702.8,51
1703.48,58
1704.16,55
1704.84,50
1705.51,52
1706.19,37
1706.87,48
1707.55,55
1708.22,46
1708.9,49
1709.58,46
1710.26,43
1710.94,37
1711.61,55
1712.29,46
1712.97,51
1713.65,44
1714.33,50
1715,50
1715.68,63
1716.36,51
1717.04,50
1717.72,43
1718.39,56
1719.07,46
1719.75,41
1720.43,42
1721.11,60
1721.78,43
1722.46,49
1723.14,54
1723.82,41
1724.5,51
1725.17,44
1725.85,44
1726.53,42
1727.21,35
1727.89,56
1728.56,73
1729.24,123
1729.92,182
1730.6,145
1731.28,96
1731.95,58
1732.63,46
1733.31,46
1733.99,56
1734.66,48
1735.34,55
1736.02,44
1736.7,43
1737.38,39
1738.05,51
1738.73,57
1739.41,43
1740.09,48
1740.77,56
1741.44,42
1742.12,56
1742.8,29
1743.48,49
1744.16,44
1744.83,48
1745.51,54
1746.19,46
1746.87,47
1747.55,54
1748.22,51
1748.9,51
1749.58,53
1750.26,52
1750.94,38
1751.61,56
1752.29,47
1752.97,55
1753.65,43
1754.33,56
1755,52
1755.68,49
1756.36,54
1757.04,49
1757.72,41
1758.39,48
1759.07,60
1759.75,46
1760.43,40
1761.11,58
1761.78,52
1762.46,65
1763.14,126
1763.82,268
1764.49,482
1765.17,611
1765.85,491
1766.53,220
1767.21,82
1767.88,52
1768.56,38
1769.24,47
1769.92,53
1770.6,37
1771.27,59
1771.95,50
1772.63,38
1773.31,47
1773.99,42
1774.66,52
1775.34,42
1776.02,37
1776.7,46
1777.38,42
1778.05,52
1778.73,50
1779.41,52
1780.09,45
1780.77,42
1781.44,52
1782.12,42
1782.8,49
1783.48,49
1784.16,54
1784.83,41
1785.51,52
1786.19,43
1786.87,42
1787.55,45
1788.22,39
1788.9,41
1789.58,33
1790.26,46
1790.94,54
1791.61,42
1792.29,41
1792.97,38
1793.65,43
1794.33,46
1795,36
1795.68,48
1796.36,42
1797.04,34
1797.72,41
1798.39,32
1799.07,51
1799.75,49
1800.43,42
1801.11,50
1801.78,58
1802.46,52
1803.14,38
1803.82,42
1804.49,45
1805.17,47
1805.85,42
1806.53,36
1807.21,59
1807.88,52
1808.56,34
1809.24,49
1809.92,48
1810.6,47
1811.27,46
1811.95,44
1812.63,46
1813.31,50
1813.99,54
1814.66,37
1815.34,60
1816.02,50
1816.7,39
1817.38,49
1818.05,43
1818.73,49
1819.41,34
1820.09,38
1820.77,37
1821.44,55
1822.12,50
1822.8,57
1823.48,43
1824.16,40
1824.83,54
1825.51,44
1826.19,44
1826.87,41
1827.55,27
1828.22,42
1828.9,44
1829.58,56
1830.26,39
1830.94,33
1831.61,38
1832.29,54
1832.97,56
1833.65,46
1834.33,38
1835,40
1835.68,49
1836.36,46
1837.04,47
1837.72,56
1838.39,49
1839.07,54
1839.75,38
1840.43,45
1841.11,39
1841.78,36
1842.46,35
1843.14,37
1843.82,54
1844.5,53
1845.17,51
1845.85,50
1846.53,88
1847.21,86
1847.89,103
1848.56,103
1849.24,83
1849.92,54
1850.6,45
1851.28,44
1851.95,60
1852.63,40
1853.31,35
1853.99,30
1854.67,35
1855.34,49
1856.02,32
1856.7,46
1857.38,48
1858.06,45
1858.73,49
1859.41,46
1860.09,48
1860.77,53
1861.44,53
1862.12,43
1862.8,44
1863.48,39
1864.16,50
1864.83,39
1865.51,47
1866.19,42
1866.87,42
1867.55,33
1868.22,35
1868.9,56
1869.58,37
1870.26,39
1870.94,43
1871.61,48
1872.29,44
1872.97,51
1873.65,46
1874.33,49
1875,53
1875.68,51
1876.36,41
1877.04,44
1877.72,40
1878.39,43
1879.07,49
1879.75,36
1880.43,41
1881.11,39
1881.78,42
1882.46,47
1883.14,29
1883.82,47
1884.5,49
1885.17,33
1885.85,37
1886.53,54
1887.21,49
1887.89,46
1888.56,57
1889.24,45
1889.92,47
1890.6,57
1891.28,42
1891.95,40
1892.63,41
1893.31,58
1893.99,38
1894.67,39
1895.34,54
1896.02,47
1896.7,41
1897.38,46
1898.06,47
1898.73,42
1899.41,50
1900.09,47
1900.77,37
1901.45,43
1902.12,50
1902.8,51
1903.48,38
1904.16,31
1904.84,35
1905.51,38
1906.19,44
1906.87,42
1907.55,53
1908.23,57
1908.9,47
1909.58,51
1910.26,56
1910.94,43
1911.62,37
1912.29,35
1912.97,49
1913.65,41
1914.33,40
1915.01,45
1915.68,40
1916.36,41
1917.04,45
1917.72,35
1918.4,42
1919.07,40
1919.75,35
1920.43,62
1921.11,42
1921.79,33
1922.46,46
1923.14,45
1923.82,37
1924.5,43
1925.18,35
1925.85,41
1926.53,46
1927.21,47
1927.89,54
1928.57,42
1929.24,42
1929.92,37
1930.6,34
1931.28,44
1931.96,40
1932.63,51
1933.31,49
1933.99,33
1934.67,55
1935.35,39
1936.02,47
1936.7,48
1937.38,37
1938.06,39
1938.74,47
1939.41,35
1940.09,46
1940.77,47
1941.45,47
1942.13,29
1942.8,47
1943.48,32
1944.16,42
1944.84,43
1945.52,41
1946.19,41
1946.87,39
1947.55,45
1948.23,27
1948.91,37
1949.58,37
1950.26,37
1950.94,47
1951.62,54
1952.3,39
1952.97,40
1953.65,47
1954.33,31
1955.01,40
1955.69,26
1956.36,42
1957.04,48
1957.72,45
1958.4,36
1959.08,46
1959.75,36
1960.43,32
1961.11,40
1961.79,36
1962.47,29
1963.14,41
1963.82,33
1964.5,46
1965.18,50
1965.86,38
1966.53,36
1967.21,38
1967.89,36
1968.57,38
1969.25,43
1969.92,32
1970.6,33
1971.28,37
1971.96,32
1972.64,36
1973.31,38
1973.99,41
1974.67,50
1975.35,39
1976.03,41
1976.7,44
1977.38,33
1978.06,65
1978.74,40
1979.42,40
1980.09,39
1980.77,38
1981.45,46
1982.13,41
1982.81,38
1983.48,39
1984.16,43
1984.84,32
1985.52,33
1986.2,36
1986.87,28
1987.55,38
1988.23,39
1988.91,27
1989.59,27
1990.27,43
1990.94,34
1991.62,44
1992.3,39
1992.98,39
1993.66,40
1994.33,43
1995.01,33
1995.69,37
1996.37,37
1997.05,41
1997.72,34
1998.4,34
1999.08,31
1999.76,35
2000.44,42
2001.11,29
2001.79,35
2002.47,40
2003.15,35
2003.83,33
2004.5,42
2005.18,46
2005.86,45
2006.54,38
2007.22,36
2007.89,30
2008.57,36
2009.25,40
2009.93,43
2010.61,36
2011.28,51
2011.96,44
2012.64,36
2013.32,28
2014,30
2014.67,34
2015.35,40
2016.03,47
2016.71,50
2017.39,35
2018.06,31
2018.74,48
2019.42,35
2020.1,23
2020.78,24
2021.45,40
2022.13,36
2022.81,34
2023.49,40
2024.17,42
2024.84,46
2025.52,36
2026.2,36
2026.88,42
2027.56,25
2028.23,34
2028.91,27
2029.59,38
2030.27,34
2030.95,39
2031.62,30
2032.3,34
2032.98,35
2033.66,27
2034.34,36
2035.01,36
2035.69,39
2036.37,42
2037.05,36
2037.73,39
2038.4,39
2039.08,49
2039.76,35
2040.44,29
2041.12,35
2041.79,30
2042.47,34
2043.15,43
2043.83,35
2044.51,39
2045.18,30
2045.86,33
2046.54,31
2047.22,33
2047.9,36
2048.57,30
2049.25,41
2049.93,35
2050.61,35
2051.29,37
2051.97,40
2052.64,45
2053.32,36
2054,44
2054.68,34
2055.36,34
2056.03,36
2056.71,37
2057.39,38
2058.07,48
2058.75,45
2059.42,31
2060.1,35
2060.78,37
2061.46,41
2062.14,42
2062.81,36
2063.49,23
2064.17,30
2064.85,32
2065.53,36
2066.2,50
2066.88,37
2067.56,46
2068.24,38
2068.92,36
2069.59,32
2070.27,33
2070.95,55
2071.63,36
2072.31,40
2072.98,38
2073.66,40
2074.34,38
2075.02,33
2075.7,31
2076.37,33
2077.05,40
2077.73,28
2078.41,30
2079.09,34
2079.76,30
2080.44,28
2081.12,36
2081.8,43
2082.48,35
2083.15,40
2083.83,37
2084.51,38
2085.19,35
2085.87,45
2086.54,36
2087.22,35
2087.9,46
2088.58,38
2089.26,43
2089.94,39
2090.61,34
2091.29,46
2091.97,38
2092.65,32
2093.33,42
2094,35
2094.68,34
2095.36,35
2096.04,40
2096.72,44
2097.39,38
2098.07,38
2098.75,37
2099.43,41
2100.11,30
2100.78,38
2101.46,52
2102.14,75
2102.82,92
2103.5,117
2104.17,115
2104.85,102
2105.53,77
2106.21,69
2106.89,34
2107.56,49
2108.24,38
2108.92,27
2109.6,49
2110.28,39
2110.95,51
2111.63,28
2112.31,37
2112.99,34
2113.67,30
2114.34,34
2115.02,35
2115.7,39
2116.38,38
2117.06,38
2117.73,51
2118.41,85
2119.09,66
2119.77,70
2120.45,55
2121.13,45
2121.8,30
2122.48,29
2123.16,29
2123.84,33
2124.52,43
2125.19,35
2125.87,36
2126.55,37
2127.23,36
2127.91,35
2128.58,42
2129.26,40
2129.94,36
2130.62,37
2131.3,39
2131.97,43
2132.65,35
2133.33,37
2134.01,27
2134.69,36
2135.36,34
2136.04,28
2136.72,34
2137.4,54
2138.08,39
2138.75,42
2139.43,31
2140.11,40
2140.79,43
2141.47,36
2142.14,38
2142.82,33
2143.5,40
2144.18,42
2144.86,37
2145.53,33
2146.21,29
2146.89,22
2147.57,33
2148.25,30
2148.93,43
2149.6,28
2150.28,24
2150.96,38
2151.64,44
2152.32,40
2152.99,34
2153.67,36
2154.35,44
2155.03,41
2155.71,29
2156.38,37
2157.06,34
2157.74,35
2158.42,43
2159.1,39
2159.77,36
2160.45,48
2161.13,33
2161.81,37
2162.49,41
2163.16,36
2163.84,43
2164.52,35
2165.2,47
2165.88,34
2166.55,40
2167.23,32
2167.91,34
2168.59,43
2169.27,39
2169.95,18
2170.62,40
2171.3,36
2171.98,32
2172.66,38
2173.34,27
2174.01,37
2174.69,30
2175.37,38
2176.05,42
2176.73,24
2177.4,52
2178.08,35
2178.76,30
2179.44,43
2180.12,41
2180.79,34
2181.47,28
2182.15,41
2182.83,28
2183.51,38
2184.18,48
2184.86,39
2185.54,34
2186.22,29
2186.9,29
2187.57,33
2188.25,30
2188.93,23
2189.61,30
2190.29,21
2190.97,31
2191.64,37
2192.32,36
2193,39
2193.68,37
2194.36,45
2195.03,36
2195.71,44
2196.39,39
2197.07,46
2197.75,41
2198.42,35
2199.1,26
2199.78,29
2200.46,30
2201.14,30
2201.81,50
2202.49,81
2203.17,113
2203.85,154
2204.53,176
2205.2,131
2205.88,96
2206.56,42
2207.24,32
2207.92,34
2208.59,30
2209.27,43
2209.95,39
2210.63,38
2211.31,28
2211.99,34
2212.66,50
2213.34,35
2214.02,37
2214.7,39
2215.38,54
2216.05,38
2216.73,35
2217.41,42
2218.09,33
2218.77,23
2219.44,37
2220.12,38
2220.8,35
2221.48,34
2222.16,31
2222.83,34
2223.51,31
2224.19,25
2224.87,29
2225.55,29
2226.22,32
2226.9,35
2227.58,42
2228.26,33
2228.94,27
2229.61,34
2230.29,32
2230.97,41
2231.65,39
2232.33,35
2233.01,26
2233.68,30
2234.36,39
2235.04,24
2235.72,35
2236.4,35
2237.07,43
2237.75,44
2238.43,38
2239.11,33
2239.79,41
2240.46,31
2241.14,47
2241.82,34
2242.5,37
2243.18,29
2243.85,36
2244.53,35
2245.21,35
2245.89,38
2246.57,41
2247.25,37
2247.92,44
2248.6,30
2249.28,37
2249.96,30
2250.64,34
2251.31,39
2251.99,43
2252.67,36
2253.35,28
2254.03,31
2254.7,34
2255.38,39
2256.06,38
2256.74,37
2257.42,40
2258.09,35
2258.77,43
2259.45,37
2260.13,34
2260.81,37
2261.48,36
2262.16,28
2262.84,28
2263.52,41
2264.2,37
2264.88,38
2265.55,44
2266.23,42
2266.91,31
2267.59,31
2268.27,28
2268.94,38
2269.62,38
2270.3,35
2270.98,38
2271.66,42
2272.33,31
2273.01,33
2273.69,35
2274.37,35
2275.05,38
2275.72,29
2276.4,44
2277.08,40
2277.76,47
2278.44,44
2279.11,37
2279.79,26
2280.47,38
2281.15,31
2281.83,34
2282.51,35
2283.18,32
2283.86,35
2284.54,36
2285.22,38
2285.9,34
2286.57,38
2287.25,33
2287.93,31
2288.61,32
2289.29,37
2289.96,48
2290.64,35
2291.32,38
2292,41
2292.68,48
2293.35,41
2294.03,43
2294.71,53
2295.39,27
2296.07,37
2296.75,34
2297.42,31
2298.1,37
2298.78,45
2299.46,28
2300.14,29
2300.81,32
2301.49,36
2302.17,36
2302.85,41
2303.53,33
2304.2,32
2304.88,35
2305.56,32
2306.24,35
2306.92,33
2307.59,39
2308.27,35
2308.95,29
2309.63,36
2310.31,37
2310.99,44
2311.66,36
2312.34,30
2313.02,46
2313.7,30
2314.38,35
2315.05,44
2315.73,31
2316.41,30
2317.09,37
2317.77,32
2318.44,40
2319.12,29
2319.8,31
2320.48,31
2321.16,45
2321.83,43
2322.51,23
2323.19,35
2323.87,39
2324.55,34
2325.23,32
2325.9,32
2326.58,35
2327.26,35
2327.94,37
2328.62,42
2329.29,43
2329.97,35
2330.65,43
2331.33,44
2332.01,43
2332.68,33
2333.36,37
2334.04,40
2334.72,42
2335.4,47
2336.07,39
2336.75,29
2337.43,41
2338.11,36
2338.79,32
2339.47,38
2340.14,40
2340.82,24
2341.5,40
2342.18,34
2342.86,40
2343.53,33
2344.21,39
2344.89,37
2345.57,39
2346.25,34
2346.92,45
2347.6,35
2348.28,32
2348.96,38
2349.64,45
2350.31,47
2350.99,32
2351.67,32
2352.35,33
2353.03,36
2353.71,34
2354.38,33
2355.06,40
2355.74,40
2356.42,52
2357.1,38
2357.77,34
2358.45,33
2359.13,39
2359.81,46
2360.49,32
2361.16,36
2361.84,29
2362.52,47
2363.2,43
2363.88,45
2364.56,37
2365.23,35
2365.91,25
2366.59,50
2367.27,33
2367.95,34
2368.62,59
2369.3,36
2369.98,41
2370.66,35
2371.34,40
2372.01,33
2372.69,27
2373.37,40
2374.05,32
2374.73,47
2375.41,27
2376.08,41
2376.76,28
2377.44,35
2378.12,47
2378.8,39
2379.47,37
2380.15,40
2380.83,22
2381.51,27
2382.19,39
2382.86,24
2383.54,30
2384.22,30
2384.9,29
2385.58,33
2386.25,36
2386.93,27
2387.61,41
2388.29,36
2388.97,38
2389.65,37
2390.32,37
2391,23
2391.68,40
2392.36,33
2393.04,30
2393.71,33
2394.39,37
2395.07,28
2395.75,37
2396.43,38
2397.1,32
2397.78,32
2398.46,38
2399.14,27
2399.82,29
2400.5,37
2401.17,34
2401.85,20
2402.53,26
2403.21,23
2403.89,40
2404.56,29
2405.24,28
2405.92,26
2406.6,26
2407.28,30
2407.95,34
2408.63,26
2409.31,30
2409.99,29
2410.67,26
2411.35,25
2412.02,23
2412.7,38
2413.38,28
2414.06,35
2414.74,26
2415.41,32
2416.09,30
2416.77,24
2417.45,29
2418.13,38
2418.8,24
2419.48,26
2420.16,17
2420.84,31
2421.52,28
2422.2,19
2422.87,30
2423.55,22
2424.23,34
2424.91,34
2425.59,26
2426.26,39
2426.94,30
2427.62,25
2428.3,33
2428.98,32
2429.65,29
2430.33,30
2431.01,25
2431.69,29
2432.37,32
2433.05,30
2433.72,21
2434.4,30
2435.08,18
2435.76,28
2436.44,26
2437.11,27
2437.79,27
2438.47,29
2439.15,21
2439.83,34
2440.5,30
2441.18,24
2441.86,21
2442.54,38
2443.22,36
2443.9,22
2444.57,22
2445.25,26
2445.93,32
2446.61,26
2447.29,64
2447.96,72
2448.64,72
2449.32,51
2450,38
2450.68,37
2451.35,23
2452.03,22
2452.71,25
2453.39,22
2454.07,25
2454.75,30
2455.42,26
2456.1,34
2456.78,11
2457.46,28
2458.14,30
2458.81,18
2459.49,23
2460.17,31
2460.85,31
2461.53,22
2462.2,25
2462.88,24
2463.56,36
2464.24,20
2464.92,24
2465.6,27
2466.27,19
2466.95,21
2467.63,20
2468.31,25
2468.99,23
2469.66,17
2470.34,16
2471.02,23
2471.7,21
2472.38,29
2473.05,14
2473.73,29
2474.41,22
2475.09,26
2475.77,30
2476.45,22
2477.12,28
2477.8,14
2478.48,24
2479.16,20
2479.84,30
2480.51,19
2481.19,27
2481.87,20
2482.55,27
2483.23,27
2483.91,22
2484.58,28
2485.26,17
2485.94,25
2486.62,26
2487.3,23
2487.97,20
2488.65,18
2489.33,22
2490.01,27
2490.69,22
2491.36,20
2492.04,24
2492.72,22
2493.4,23
2494.08,14
2494.76,21
2495.43,25
2496.11,23
2496.79,20
2497.47,27
2498.15,16
2498.82,23
2499.5,21
2500.18,24
2500.86,32
2501.54,24
2502.21,17
2502.89,24
2503.57,17
2504.25,23
2504.93,10
2505.61,9
2506.28,23
2506.96,18
2507.64,16
2508.32,14
2509,12
2509.67,19
2510.35,20
2511.03,18
2511.71,16
2512.39,24
2513.06,20
2513.74,24
2514.42,15
2515.1,18
2515.78,27
2516.46,18
2517.13,11
2517.81,16
2518.49,11
2519.17,18
2519.85,15
2520.52,17
2521.2,18
2521.88,24
2522.56,21
2523.24,18
2523.92,16
2524.59,16
2525.27,16
2525.95,17
2526.63,27
2527.31,20
2527.98,13
2528.66,19
2529.34,15
2530.02,20
2530.7,17
2531.38,17
2532.05,14
2532.73,18
2533.41,23
2534.09,25
2534.77,23
2535.44,24
2536.12,23
2536.8,16
2537.48,23
2538.16,15
2538.83,23
2539.51,17
2540.19,18
2540.87,19
2541.55,21
2542.23,15
2542.9,20
2543.58,9
2544.26,22
2544.94,12
2545.62,13
2546.29,17
2546.97,22
2547.65,18
2548.33,13
2549.01,16
2549.69,18
2550.36,16
2551.04,17
2551.72,20
2552.4,15
2553.08,12
2553.75,21
2554.43,20
2555.11,10
2555.79,25
2556.47,16
2557.14,27
2557.82,19
2558.5,16
2559.18,12
2559.86,17
2560.54,35
2561.21,16
2561.89,24
2562.57,18
2563.25,11
2563.93,34
2564.6,16
2565.28,16
2565.96,23
2566.64,13
2567.32,17
2568,16
2568.67,12
2569.35,17
2570.03,21
2570.71,11
2571.39,21
2572.06,14
2572.74,14
2573.42,15
2574.1,20
2574.78,16
2575.46,15
2576.13,18
2576.81,20
2577.49,19
2578.17,21
2578.85,15
2579.52,13
2580.2,22
2580.88,16
2581.56,13
2582.24,13
2582.91,19
2583.59,17
2584.27,22
2584.95,15
2585.63,15
2586.31,13
2586.98,16
2587.66,27
2588.34,18
2589.02,10
2589.7,11
2590.37,20
2591.05,15
2591.73,17
2592.41,15
2593.09,19
2593.77,19
2594.44,22
2595.12,25
2595.8,15
2596.48,24
2597.16,19
2597.83,14
2598.51,18
2599.19,9
2599.87,21
2600.55,20
2601.23,23
2601.9,20
2602.58,20
2603.26,20
2603.94,19
2604.62,14
2605.29,17
2605.97,21
2606.65,9
2607.33,16
2608.01,22
2608.69,9
2609.36,25
2610.04,13
2610.72,16
2611.4,25
2612.08,38
2612.75,102
2613.43,243
2614.11,532
2614.79,787
2615.47,937
2616.15,693
2616.82,340
2617.5,163
2618.18,49
2618.86,20
2619.54,5
2620.21,18
2620.89,24
2621.57,14
2622.25,11
2622.93,17
2623.6,14
2624.28,16
2624.96,16
2625.64,10
2626.32,9
2627,11
2627.67,11
2628.35,12
2629.03,15
2629.71,20
2630.39,11
2631.06,16
2631.74,12
2632.42,17
2633.1,9
2633.78,14
2634.46,20
2635.13,16
2635.81,12
2636.49,14
2637.17,20
2637.85,15
2638.52,23
2639.2,14
2639.88,8
2640.56,21
2641.24,4
2641.92,14
2642.59,11
2643.27,21
2643.95,15
2644.63,17
2645.31,17
2645.98,19
2646.66,16
2647.34,12
2648.02,14
2648.7,16
2649.38,17
2650.05,15
2650.73,7
2651.41,12
2652.09,23
2652.77,25
2653.44,20
2654.12,11
2654.8,14
2655.48,17
2656.16,7
2656.84,10
2657.51,13
2658.19,20
2658.87,9
2659.55,11
2660.23,19
2660.9,15
2661.58,10
2662.26,23
2662.94,14
2663.62,12
2664.3,18
2664.97,14
2665.65,17
2666.33,15
2667.01,18
2667.69,9
2668.36,12
2669.04,10
2669.72,8
2670.4,17
2671.08,21
2671.76,14
2672.43,18
2673.11,11
2673.79,14
2674.47,14
2675.15,16
2675.82,12
2676.5,13
2677.18,18
2677.86,11
2678.54,20
2679.22,11
2679.89,17
2680.57,15
2681.25,20
2681.93,6
2682.61,17
2683.28,15
2683.96,18
2684.64,13
2685.32,23
2686,14
2686.68,14
2687.35,12
2688.03,11
2688.71,12
2689.39,20
2690.07,16
2690.74,9
2691.42,14
2692.1,14
2692.78,12
2693.46,13
2694.14,18
2694.81,14
2695.49,18
2696.17,9
2696.85,16
2697.53,14
2698.2,17
2698.88,15
2699.56,16
2700.24,15
2700.92,10
2701.6,13
2702.27,13
2702.95,12
2703.63,23
2704.31,17
2704.99,9
2705.67,19
2706.34,15
2707.02,14
2707.7,15
2708.38,15
2709.06,10
2709.73,10
2710.41,13
2711.09,16
2711.77,12
2712.45,9
2713.13,15
2713.8,10
2714.48,9
2715.16,12
2715.84,19
2716.52,17
2717.19,17
2717.87,10
2718.55,18
2719.23,18
2719.91,12
2720.59,10
2721.26,12
2721.94,11
2722.62,12
2723.3,9
2723.98,9
2724.65,17
2725.33,13
2726.01,11
2726.69,12
2727.37,11
2728.05,13
2728.72,14
2729.4,16
2730.08,8
2730.76,10
2731.44,17
2732.11,15
2732.79,12
2733.47,11
2734.15,10
2734.83,10
2735.51,11
2736.18,14
2736.86,10
2737.54,17
2738.22,7
2738.9,12
2739.57,15
2740.25,16
2740.93,12
2741.61,17
2742.29,11
2742.97,14
2743.64,10
2744.32,9
2745,13
2745.68,13
2746.36,11
2747.04,15
2747.71,7
2748.39,23
2749.07,7
2749.75,15
2750.43,13
2751.1,17
2751.78,12
2752.46,12
2753.14,12
2753.82,8
2754.5,8
2755.17,8
2755.85,17
2756.53,21
2757.21,12
2757.89,14
2758.56,17
2759.24,8
2759.92,7
2760.6,14
2761.28,7
2761.96,13
2762.63,11
2763.31,11
2763.99,14
2764.67,17
2765.35,12
2766.02,15
2766.7,13
2767.38,7
2768.06,20
2768.74,12
2769.42,14
2770.09,15
2770.77,11
2771.45,18
2772.13,13
2772.81,13
2773.49,12
2774.16,11
2774.84,14
2775.52,7
2776.2,16

